eventdate,title,image,link,credit
2013-01-01,New Year's Day,partyhat.svg,http://www.holidayinsights.com/other/newyears.htm,Party Hat designed by Minna Ninova from The Noun Project
2013-01-02,National Buffet Day,buffet.svg,http://www.cdkitchen.com/recipes/articles/view/405/1/National-Buffet-Day.html,Buffet designed by Anand A Nair from The Noun Project
2013-01-03,Fruitcake Toss Day,,http://www.punchbowl.com/holidays/2013/1/3/fruitcake-toss-day,
2013-01-04,Trivia Day,trivia.svg,http://www.holidayinsights.com/other/trivia.htm,Question designed by Martin Delin from The Noun Project
2013-01-05,National Bird Day,bird.svg,http://www.nationalbirdday.com/,Bird designed by Javier Triana from The Noun Project
2013-01-06,Bean Day,beans.svg,http://www.huffingtonpost.com/2011/01/06/national-bean-day-why-its_n_805328.html,Beans designed by Doug Cavendish from The Noun Project
2013-01-07,Old Rock Day,rock.svg,http://www.altiusdirectory.com/Society/old-rock-day.php,Rock designed by Anuar Zhumaev from The Noun Project
2013-01-08,Bubble Bath Day,bubblebath.svg,http://www.punchbowl.com/holidays/bubble-bath-day,Bubble Bath designed by Julia Soderberg from The Noun Project
2013-01-09,National Apricot Day,,http://www.punchbowl.com/holidays/2013/1/9/national-apricot-day,
2013-01-10,Houseplant Appreciation Day,houseplant.svg,http://www.gardenersnet.com/fun/houseplantappreciation.htm,Plant designed by Aaron P. Brown from The Noun Project
2013-01-11,Milk Day,milk.svg,http://familycrafts.about.com/od/holidays/p/MilkDay.htm,Milk  from The Noun Project
2013-01-11,National Hot Toddy Day,cocktail.svg,http://www.punchbowl.com/holidays/2013/1/11/national-hot-toddy-day,Cocktail designed by Peacock Dream from The Noun Project
2013-01-12,National Curried Chicken Day,,http://www.punchbowl.com/holidays/2013/1/12/curried-chicken-day,
2013-01-13,National Rubber Ducky Day,,http://www.punchbowl.com/holidays/2013/1/13/national-rubber-ducky-day,
2013-01-14,National Dress Up Your Pet Day,,http://holidayinsights.com/other/dresspet.htm,
2013-01-15,National Hat Day,,http://holidayinsights.com/other/hatday.htm,
2013-01-16,Appreciate a Dragon Day,,,
2013-01-17,Kid Inventors' Day,,http://www.kidinventorsday.com/,
2013-01-18,Thesaurus Day,,http://holidayinsights.com/other/thesaurusday.htm,
2013-01-19,National Popcorn Day,,http://www.punchbowl.com/holidays/2013/1/19/national-popcorn-day,
2013-01-20,Penguin Awareness Day,,http://holidayinsights.com/other/penguinawareness.htm,
2013-01-21,National Hugging Day,,http://www.punchbowl.com/holidays/2013/1/21/national-hugging-day,
2013-01-22,National Answer Your Cat's Questions Say,,http://www.punchbowl.com/holidays/2013/1/22/national-answer-your-cats-questions-day,
2013-01-23,National Handwriting Day,,http://holidayinsights.com/moreholidays/January/handwritingday.htm,
2013-01-24,Compliment Day,,http://holidayinsights.com/moreholidays/January/complimentday.htm,
2013-01-25,Opposite Day,,http://holidayinsights.com/moreholidays/January/oppositeday.htm,
2013-01-26,National Peanut Brittle Day,,http://www.punchbowl.com/holidays/2013/1/26/national-peanut-brittle-day,
2013-01-27,Thomas Crapper Day,,http://www.punchbowl.com/holidays/2013/1/27/thomas-crapper-day,
2013-01-28,Bubble Wrap Appreciation Day,,http://www.punchbowl.com/holidays/2013/1/28/bubble-wrap-appreciation-day,
2013-01-29,National Puzzle Day,,http://holidayinsights.com/moreholidays/January/puzzleday.htm,
2013-01-30,National Croissant Day,,http://www.punchbowl.com/holidays/2013/1/30/national-croissant-day,
2013-01-31,Backward Day,,http://holidayinsights.com/moreholidays/January/backwardday.htm,
2013-02-01,National Wear Red Day,,,
2013-02-02,Ground Hog Day,,http://www.punchbowl.com/holidays/2013/2/2/groundhog-day,
2013-02-03,National Carrot Cake Day,,http://www.punchbowl.com/holidays/2013/2/3/national-carrot-cake-day,
2013-02-04,Thank a Mailman Day,,http://holidayinsights.com/moreholidays/February/thankmailmanday.htm,
2013-02-05,National Chocolate Fondue Day,,http://www.punchbowl.com/holidays/2013/2/5/national-chocolate-fondue-day,
2013-02-06,National Frozen Yogurt Day,,,
2013-02-07,Send a Card to a Friend Day,,http://holidayinsights.com/moreholidays/February/sendacardday.htm,
2013-02-08,Boy Scout Day,,http://holidayinsights.com/moreholidays/February/kiteflyingday.htm,
2013-02-09,National Bagels and Lox Day,,http://www.punchbowl.com/holidays/2013/2/9/national-bagels-lox-day,
2013-02-10,Umbrella Day,,http://holidayinsights.com/moreholidays/February/umbrelladay.htm,
2013-02-11,White T-Shirt Day,,http://holidayinsights.com/moreholidays/February/makeafriendday.htm,
2013-02-12,National Plum Pudding Day,,http://www.punchbowl.com/holidays/2013/2/12/national-plum-pudding-day,
2013-02-13,National Tortellini Day,,http://www.punchbowl.com/holidays/2013/2/13/national-tortellini-day,
2013-02-14,Ferris Wheel Day,,http://holidayinsights.com/moreholidays/February/ferriswheelday.htm,
2013-02-15,Singles Awareness Day,,http://holidayinsights.com/other/singlesawareness.htm,
2013-02-16,National Almond Day,,http://www.punchbowl.com/holidays/2013/2/16/national-almond-day,
2013-02-17,Random Acts of Kindness Day,,http://holidayinsights.com/moreholidays/February/randomactskindness.htm,
2013-02-18,Drink Wine Day,,http://www.punchbowl.com/holidays/2013/2/18/drink-wine-day,
2013-02-19,National Chocolate Mint Day,,http://holidayinsights.com/moreholidays/February/chocolatemintday.htm,
2013-02-20,Love Your Pet Day,,http://www.punchbowl.com/holidays/2013/2/20/love-your-pet-day,
2013-02-21,Card Reading Day,,http://holidayinsights.com/moreholidays/February/cardreadingday.htm,
2013-02-22,National Margarita Day,,http://www.punchbowl.com/holidays/2013/2/22/national-margarita-day,
2013-02-23,Tennis Day,,http://holidayinsights.com/moreholidays/February/tennisday.htm,
2013-02-24,National Tortilla Chip Day,,http://www.punchbowl.com/holidays/2013/2/24/national-tortilla-chip-day,
2013-02-25,National Chocolate Covered Nuts Day,,http://www.punchbowl.com/holidays/2013/2/25/national-chocolate-covered-nuts-day,
2013-02-26,Carnival Day,,http://holidayinsights.com/moreholidays/February/carnivalday.htm,
2013-02-27,Polar Bear Day,,http://www.polarbearsinternational.org/our-work/action-programs/international-polar-bear-day,
2013-02-28,National Tooth Fairy Day,,http://www.punchbowl.com/holidays/2013/2/28/national-tooth-fairy-day,
2013-03-01,National Peanut Butter Lover's Day,,http://www.punchbowl.com/holidays/2013/3/1/national-peanut-butter-lovers-day,
2013-03-02,Old Stuff Day,,http://holidayinsights.com/moreholidays/March/oldstuffday.htm,
2013-03-03,If Pets Had Thumbs Day,,http://holidayinsights.com/moreholidays/March/petthumbsday.htm,
2013-03-04,Learn What Your Name Means Day,,http://www.punchbowl.com/holidays/2013/3/4/learn-what-your-name-means-day,
2013-03-05,National Cheese Doodle Day,,http://www.punchbowl.com/holidays/2013/3/5/national-cheese-doodle-day,
2013-03-06,Dentist's Day,,http://holidayinsights.com/moreholidays/March/dentistsday.htm,
2013-03-07,National Cereal Day,,http://www.punchbowl.com/holidays/2013/3/7/national-cereal-day,
2013-03-08,Be Nasty Day,,http://holidayinsights.com/moreholidays/March/benastyday.htm,
2013-03-09,Panic Day,,http://holidayinsights.com/moreholidays/March/panicday.htm,
2013-03-10,International Day of Awesomeness,,http://dayofawesomeness.com/,
2013-03-11,Johnny Appleseed Day,,http://holidayinsights.com/moreholidays/March/appleseedday.htm,
2013-03-12,Plant a Flower Day,,http://holidayinsights.com/moreholidays/March/plantflowerday.htm,
2013-03-13,Ear Muffs Day,,http://www.punchbowl.com/holidays/2013/3/13/ear-muffs-day,
2013-03-14,National Pi Day,,http://holidayinsights.com/moreholidays/March/piday.htm,
2013-03-15,Incredible Kid Day,,http://holidayinsights.com/moreholidays/March/incrediblekidday.htm,
2013-03-16,Everything You Do Is Right Day,,http://holidayinsights.com/moreholidays/March/everythingrightday.htm,
2013-03-17,Saint Patrick's Day,,http://www.punchbowl.com/holidays/2013/3/17/st-patricks-day,
2013-03-18,Oatmeal Cookie Day,,http://www.punchbowl.com/holidays/2013/3/18/oatmeal-cookie-day,
2013-03-19,National Agriculture Day,,http://www.agday.org/,
2013-03-20,World Storytelling Day,,http://www.freewebs.com/worldstorytellingday/,
2013-03-21,Fragrance Day,,http://holidayinsights.com/moreholidays/March/fragranceday.htm,
2013-03-22,World Water Day,,http://www.unwater.org/water-cooperation-2013/home/en/,
2013-03-23,National Puppy Day,,http://www.punchbowl.com/holidays/2013/3/23/national-puppy-day,
2013-03-24,National Chocolate Covered Raisin Day,,http://holidayinsights.com/moreholidays/March/chocolateraisinday.htm,
2013-03-25,Pecan Day,,http://holidayinsights.com/moreholidays/March/pecanday.htm,
2013-03-26,Make Up Your Own Holiday Day,,http://www.punchbowl.com/holidays/2013/3/26/make-up-your-own-holiday-day,
2013-03-27,Quirky Country Music Song Titles Day,,http://www.punchbowl.com/holidays/2013/3/27/quirky-country-music-song-titles-day,
2013-03-28,Eggsibit Day,,http://www.punchbowl.com/holidays/2013/3/28/eggsibit-day,
2013-03-29,National Mom and Pop Business Owners Day,,http://holidayinsights.com/moreholidays/March/mpboday.htm,
2013-03-30,National Doctor's Day,doctor.svg,http://www.holidayinsights.com/moreholidays/March/doctorsday.htm,The Noun Project
2013-03-31,Bunsen Burner Day,bunsen.svg,http://www.wisegeek.com/what-is-bunsen-burner-day.htm,The Noun Project
2013-04-01,April Fool's Day,clown.svg,http://en.wikipedia.org/wiki/April_Fools'_Day,Clown designed by B Barrett from The Noun Project
2013-04-02,Children's Book Day,book.svg,http://www.ibby.org/index.php?id=269,Book designed by Nathan Thomson from The Noun Project
2013-04-03,Tweed Day,tweed.svg,http://www.altiusdirectory.com/Society/national-tweed-day.html,Suit designed by jon trillana from The Noun Project
2013-04-04,National Cordon Bleu Day,chicken.svg,http://www.punchbowl.com/holidays/2013/4/4/national-cordon-bleu-day,The Noun Project
2013-04-05,National Caramel Day,candy.svg,http://www.punchbowl.com/holidays/2013/4/5/national-caramel-day,The Noun Project
2013-04-06,National Tartan Day,tartan.svg,http://www.punchbowl.com/holidays/2013/4/6/national-tartan-day,Tartan designed by Carol A. L. Martin from The Noun Project
2013-04-07,World Health Day,who.svg,http://www.who.int/world-health-day/,World Health Organization
2013-04-08,National Empanada Day,croissant.svg,http://www.punchbowl.com/holidays/2013/4/8/national-empanada-day,Croissant designed by Nicolas Molès from The Noun Project
2013-04-09,National Cherish an Antique Day,,http://www.punchbowl.com/holidays/2013/4/9/national-cherish-an-antique-day,
2013-04-10,National Siblings Day,people.svg,http://www.siblingsday.org/,People designed by Roman J. Sokolov from The Noun Project
2013-04-11,National Submarine Day,submarine.svg,http://en.wikipedia.org/wiki/Submarine_Day,Submarine designed by Paulo Sá Ferreira from The Noun Project
2013-04-12,National Grilled Cheese Day,sandwich.svg,http://www.punchbowl.com/holidays/2013/4/12/national-grilled-cheese-day,"Sandwich designed by Tom Glass, Jr. from The Noun Project"
2013-04-13,Scrabble Day,,http://wiki.answers.com/Q/How_do_you_celebrate_National_Scrabble_Day,
2013-04-14,International Moment of Laughter Day,laugh.svg,http://www.punchbowl.com/holidays/2013/4/14/international-moment-of-laughter-day,
2013-04-15,Tax Day,calculator.svg,http://www.punchbowl.com/holidays/2013/4/15/tax-day,The Noun Project
2013-04-16,National Eggs Benedict Day,egg.svg,http://www.punchbowl.com/holidays/2013/4/16/national-eggs-benedict-day,Egg designed by Johan H. W. Basberg from The Noun Project
2013-04-17,National Cheeseball Day,cheese.svg,http://holidayinsights.com/moreholidays/April/cheeseballday.htm,Cheese  from The Noun Project
2013-04-18,National Golf Day,golf.svg,http://www.golfdigest.com/golf-tours-news/blogs/local-knowledge/2012/04/national-golf-day-2012.html,Golf  from The Noun Project
2013-04-18,National High Five Day,hand.svg,https://www.facebook.com/nationalhighfiveday,Hand designed by Ugur Akdemir from The Noun Project
2013-04-19,National DNA Day,dna.svg,http://www.genome.gov/DNADay/,DNA designed by Darrin Higgins from The Noun Project
2013-04-20,Look Alike Day,people2.svg,http://www.holidayinsights.com/moreholidays/April/lookalikeday.htm,People designed by richard pasqua from The Noun Project
2013-04-21,World Creativity and Innovation Day,idea.svg,http://worldcreativity.wordpress.com/about/,Idea designed by Cyrille LE FLOCH from The Noun Project
2013-04-22,Earth Day,earth.svg,http://www.earthday.org/,Earth designed by Francesco Paleari from The Noun Project
2013-04-23,World Laboratory Day,,http://holidayinsights.com/moreholidays/April/worldlaboratoryday.htm,
2013-04-24,Pigs in a Blanket Day,hotdog.svg,http://en.wikipedia.org/wiki/Pigs_in_blankets#United_States,Hot Dog designed by Trevor Tarczynski from The Noun Project
2013-04-25,World Penguin Day,penguin.svg,http://worldpenguinday.com/,Penguin designed by Camila Bertoco from The Noun Project
2013-04-26,National Pretzel Day,pretzel.svg,http://www.punchbowl.com/holidays/2013/4/26/national-pretzel-day,Pretzel  from The Noun Project
2013-04-27,National Prime Rib Day,steak.svg,http://www.punchbowl.com/holidays/2013/4/27/national-prime-rib-day,Steak designed by Anuar Zhumaev from The Noun Project
2013-04-28,Workers' Memorial Day,worker.svg,http://en.wikipedia.org/wiki/Workers_Memorial_Day,Worker designed by Márcio Duarte from The Noun Project
2013-04-29,International Dance Day,ballet.svg,http://www.international-dance-day.org/en/danceday.html,Ballet Dancer designed by Joris Hoogendoorn from The Noun Project
2013-04-30,International Jazz Day,sax.svg,http://jazzday.com/,The Noun Project
2013-05-01,May Day,partyhat.svg,http://en.wikipedia.org/wiki/May_Day,Party Hat designed by Minna Ninova from The Noun Project
2013-05-02,Brothers and Sisters Day,people.svg,http://holidayinsights.com/moreholidays/May/brothersisterday.htm,People designed by Roman J. Sokolov from The Noun Project
2013-05-03,Space Day,spaceship.svg,http://www.spaceday.com/,The Noun Project
2013-05-04,Star Wars Day,deathstar.svg,http://en.wikipedia.org/wiki/Star_Wars_Day,Death Star designed by Andrew Forrester from The Noun Project
2013-05-05,Cinco de Mayo,maracas.svg,http://en.wikipedia.org/wiki/Cinco_de_Mayo,Maracas designed by Renaud Mignerey from The Noun Project
2013-05-06,National Nurses Day,nurse.svg,http://www.calendar-updates.com/info/holidays/us/nurse.aspx,Nurse designed by Scott Lewis from The Noun Project
2013-05-07,National Teacher Day,teacher.svg,http://www.nea.org/grants/1359.htm,The Noun Project
2013-05-08,World Red Cross Day / World Red Crescent Day,redcross.gif,http://en.wikipedia.org/wiki/World_Red_Cross_and_Red_Crescent_Day,
2013-05-09,Lost Sock Memorial Day,socks.svg,http://holidayinsights.com/other/lostsockday.htm,Sock designed by Proletkult Graphik from The Noun Project
2013-05-10,National Shrimp Day,shrimp.svg,http://www.giftypedia.com/National_Shrimp_Day,Shrimp designed by Jeffrey Qua from The Noun Project
2013-05-11,Twilight Zone Day,spiral.svg,http://www.holidayinsights.com/moreholidays/May/twilightzoneday.htm,The Noun Project
2013-05-12,Limerick Day,clover.svg,http://www.holidayinsights.com/stpat/limerickday.htm,Clover designed by Pavel Nikandrov from The Noun Project
2013-05-13,Frog Jumping Day,frog.svg,http://www.delconewsnetwork.com/articles/2012/05/13/entertainment/doc4fafb711aa00e917794010.txt,Frog designed by Christian Bonin from The Noun Project
2013-05-14,Dance Like a Chicken Day,chicken1.svg,http://holidayinsights.com/moreholidays/May/dancelikeachicken.htm,Chicken designed by carly vanderlee from The Noun Project
2013-05-15,National Chocolate Chip Day,,http://holidayinsights.com/moreholidays/May/chocolatechipday.htm,
2013-05-16,National Sea Monkey Day,,http://www.punchbowl.com/holidays/2013/5/16/national-sea-monkey-day,
2013-05-17,Pack Rat Day,,http://holidayinsights.com/moreholidays/May/packratday.htm,
2013-05-18,International Museum Day,,http://icom.museum/events/international-museum-day/,
2013-05-19,National Devil's Food Cake Day,,http://www.punchbowl.com/holidays/2013/5/19/national-devils-food-cake-day,
2013-05-20,Pick Strawberries Day,,http://holidayinsights.com/moreholidays/May/pickstrawberriesday.htm,
2013-05-21,National Waiter's and Waitresses Day,,http://holidayinsights.com/moreholidays/May/waitersday.htm,
2013-05-22,National Vanilla Pudding Day,,http://www.punchbowl.com/holidays/2013/5/22/national-vanilla-pudding-day,
2013-05-23,World Turtle Day,,http://en.wikipedia.org/wiki/World_Turtle_Day,
2013-05-24,National Escargot Day,,http://holidayinsights.com/moreholidays/May/escargotday.htm,
2013-05-25,Geek Pride Day,,http://en.wikipedia.org/wiki/Geek_Pride_Day,
2013-05-26,National Blueberry Cheesecake Day,,http://www.punchbowl.com/holidays/2013/5/26/national-blueberry-cheesecake-day,
2013-05-27,Sunscreen Day,,http://www.punchbowl.com/holidays/2013/5/27/sun-screen-day,
2013-05-28,National Hamburger Day,,http://www.punchbowl.com/holidays/2013/5/28/national-hamburger-day,
2013-05-29,Learn About Composting Day,,http://holidayinsights.com/moreholidays/May/compostingday.htm,
2013-05-30,Water a Flower Day,,http://holidayinsights.com/moreholidays/May/waterflowerday.htm,
2013-05-31,National Macaroon Day,,http://holidayinsights.com/moreholidays/May/macaroonday.htm,
2013-06-01,World Milk Day,,http://www.tetrapak.com/about_tetra_pak/press_room/news/Pages/CelebratingWorldMilkDay.aspx,
2013-06-02,National Rocky Road Day,,http://holidayinsights.com/moreholidays/June/rockyroadday.htm,
2013-06-03,National Egg Day,,http://www.punchbowl.com/holidays/2013/6/3/national-egg-day,
2013-06-04,National Hug Your Cat Day,,http://holidayinsights.com/moreholidays/June/hugyourcatday.htm,
2013-06-05,World Environment Day,,http://www.unep.org/wed/,
2013-06-06,National Yo-Yo Day,,http://www.punchbowl.com/holidays/2013/6/6/yo-yo-day,
2013-06-07,National Donut Day,,http://holidayinsights.com/moreholidays/June/chocolateicecream.htm,
2013-06-08,Best Friends Day,,http://www.punchbowl.com/holidays/2013/6/8/best-friends-day,
2013-06-09,Donald Duck Day,,http://holidayinsights.com/moreholidays/June/donaldduckday.htm,
2013-06-10,Iced Tea Day,,http://www.punchbowl.com/holidays/2013/6/10/iced-tea-day,
2013-06-11,Hug Holiday,,http://holidayinsights.com/moreholidays/June/hugholiday.htm,
2013-06-12,Red Rose Day,,http://holidayinsights.com/moreholidays/June/redroseday.htm,
2013-06-13,Sewing Machine Day,,http://www.punchbowl.com/holidays/2013/6/13/sewing-machine-day,
2013-06-14,Flag Day,,http://en.wikipedia.org/wiki/Flag_Day_(United_States),
2013-06-15,Smile Power Day,,http://holidayinsights.com/moreholidays/June/smilepowerday.htm,
2013-06-16,National Fudge Day,,http://www.punchbowl.com/holidays/2013/6/16/fudge-day,
2013-06-17,Eat Your Vegetables Day,,http://holidayinsights.com/other/eatyourvegetablesday.htm,
2013-06-18,International Picnic Day,,http://www.punchbowl.com/holidays/2013/6/18/international-picnic-day,
2013-06-19,World Sauntering Day,,http://www.punchbowl.com/holidays/2013/6/19/national-martini-day,
2013-06-20,Ice Cream Soda Day,,http://holidayinsights.com/moreholidays/June/icecreamsodaday.htm,
2013-06-21,Go Skateboarding Day,,http://www.goskateboardingday.org/,
2013-06-22,Great American Backyard Campout,,http://www.nwf.org/Great-American-Backyard-Campout.aspx,
2013-06-23,UN Public Service Day,,http://www.un.org/en/events/publicserviceday/,
2013-06-24,International Fairy Day,,http://www.punchbowl.com/holidays/2013/6/24/international-fairy-day,
2013-06-25,National Catfish Day,,http://holidayinsights.com/moreholidays/June/catfishday.htm,
2013-06-26,National Chocolate Pudding Day,,http://www.punchbowl.com/holidays/2013/6/26/national-chocolate-pudding-day,
2013-06-27,Sun Glasses Day,,http://holidayinsights.com/moreholidays/June/sunglassesday.htm,
2013-06-28,INTERNATIONAL CAPS LOCK DAY!,,http://www.punchbowl.com/holidays/2013/6/28/international-caps-lock-day,
2013-06-29,Camera Day,,http://holidayinsights.com/moreholidays/June/cameraday.htm,
2013-06-30,Meteor Day,,http://www.punchbowl.com/holidays/2013/6/30/meteor-day,
2013-07-01,International Joke Day,,http://holidayinsights.com/moreholidays/July/intljokeday.htm,
2013-07-02,World UFO Day,,http://www.punchbowl.com/holidays/2013/7/2/world-ufo-day,
2013-07-03,Eat Beans Day,,http://www.punchbowl.com/holidays/2013/7/3/eat-beans-day,
2013-07-04,National Country Music Day,,http://holidayinsights.com/moreholidays/July/countrymusicday.htm,
2013-07-05,Work-a-holics Day,,http://www.punchbowl.com/holidays/2013/7/5/workaholics-day,
2013-07-06,National Fried Chicken Day,,http://holidayinsights.com/moreholidays/July/friedchickenday.htm,
2013-07-07,Chocolate Day,,http://www.punchbowl.com/holidays/2013/7/7/chocolate-day,
2013-07-08,Video Game Day,,http://www.punchbowl.com/holidays/2013/7/8/video-game-day,
2013-07-09,National Sugar Cookie Day,,http://holidayinsights.com/moreholidays/July/sugarcookieday.htm,
2013-07-10,Teddy Bear Picnic Day,,http://holidayinsights.com/moreholidays/July/teddybearpicnic.htm,
2013-07-11,World Population Day,,http://www.punchbowl.com/holidays/2013/7/11/world-population-day,
2013-07-12,National Pecan Pie Day,,http://holidayinsights.com/moreholidays/July/pecanpieday.htm,
2013-07-13,National French Fries Day,,http://www.punchbowl.com/holidays/2013/7/13/national-french-fries-day,
2013-07-14,National Nude Day,,http://holidayinsights.com/moreholidays/July/nationalnudeday.htm,
2013-07-15,National Gummi Worm Day,,http://www.punchbowl.com/holidays/2013/7/15/gummi-worm-day,
2013-07-17,Yellow Pig Day,,http://www.punchbowl.com/holidays/2013/7/17/yellow-pig-day,
2013-07-18,National Caviar Day,,http://holidayinsights.com/moreholidays/July/caviarday.htm,
2013-07-19,National Raspberry Cake Day,,http://holidayinsights.com/moreholidays/July/raspberrycakeday.htm,
2013-07-20,National Lollipop Day,,http://www.punchbowl.com/holidays/2013/7/20/national-lollipop-day,
2013-07-21,National Junk Food Day,,http://www.punchbowl.com/holidays/2013/7/21/national-junk-food-day,
2013-07-22,Hammock Day,,http://holidayinsights.com/other/hammock.htm,
2013-07-23,National Hot Dog Day,,http://holidayinsights.com/moreholidays/July/hotdogday.htm,
2013-07-24,Cousins Day,,http://www.punchbowl.com/holidays/2013/7/24/cousins-day,
2013-07-25,Culinarians Day,,http://holidayinsights.com/moreholidays/July/culinariansday.htm,
2013-07-26,All or Nothing Day,,http://www.punchbowl.com/holidays/2013/7/26/all-or-nothing-day,
2013-07-27,National Day of The Cowboy,,http://www.punchbowl.com/holidays/2013/7/27/national-day-of-the-cowboy,
2013-07-28,National Milk Chocolate Day,,http://holidayinsights.com/moreholidays/July/milkchocolateday.htm,
2013-07-29,National Lasagna Day,,http://www.punchbowl.com/holidays/2013/7/29/national-lasagna-day,
2013-07-30,National Cheesecake Day,,http://holidayinsights.com/moreholidays/July/cheesecakeday.htm,
2013-07-31,Jump for Jelly Beans Day,,http://www.punchbowl.com/holidays/2013/7/31/jump-for-jelly-beans-day,
2013-08-01,National Girlfriends Day,,http://www.punchbowl.com/holidays/2013/8/1/national-girlfriends-day,
2013-08-02,National Ice Cream Sandwich Day,,http://holidayinsights.com/moreholidays/August/icecreamsandwich.htm,
2013-08-03,National Watermelon Day,,http://www.punchbowl.com/holidays/2013/8/3/national-watermelon-day,
2013-08-04,Friendship Day,,http://holidayinsights.com/moreholidays/August/friendshipday.htm,
2013-08-05,International Beer Day,,http://www.internationalbeerday.com/,
2013-08-06,Wiggle Your Toes Day,,http://holidayinsights.com/moreholidays/August/wiggleyourtoes.htm,
2013-08-07,National Lighthouse Day,,http://www.punchbowl.com/holidays/2013/8/7/national-lighthouse-day,
2013-08-08,National Zucchini Day,,http://www.punchbowl.com/holidays/2013/8/8/national-zucchini-day,
2013-08-09,Book Lover's Day,,http://holidayinsights.com/moreholidays/August/bookloversday.htm,
2013-08-10,National S'mores Day,,http://www.punchbowl.com/holidays/2013/8/10/national-smores-day,
2013-08-11,Son and Daughter Day,,http://holidayinsights.com/moreholidays/August/sondaughterday.htm,
2013-08-12,International Youth Day,,http://www.un.org/en/events/youthday/,
2013-08-13,Left Hander's Day,,http://www.punchbowl.com/holidays/2013/8/13/left-handers-day,
2013-08-14,National Creamsicle Day,,http://holidayinsights.com/moreholidays/August/creamsickleday.htm,
2013-08-15,Relaxation Day,,http://www.punchbowl.com/holidays/2013/8/15/national-relaxation-day,
2013-08-16,National Tell a Joke Day,,http://holidayinsights.com/moreholidays/August/tellajokeday.htm,
2013-08-17,National Thriftshop Day,,http://holidayinsights.com/moreholidays/August/thriftshopday.htm,
2013-08-18,National Soft Ice Cream Day,,http://www.punchbowl.com/holidays/2013/8/18/national-soft-ice-cream-day,
2013-08-19,Aviation Day,,http://holidayinsights.com/moreholidays/August/aviationday.htm,
2013-08-20,National Lemonade Day,,http://www.punchbowl.com/holidays/2013/8/20/national-lemonade-day,
2013-08-21,National Senior Citizen's Day,,http://holidayinsights.com/moreholidays/August/seniorcitizensday.htm,
2013-08-22,Be an Angel Day,,http://www.punchbowl.com/holidays/2013/8/22/be-an-angel-day,
2013-08-23,National Sponge Cake Day,,http://www.punchbowl.com/holidays/2013/8/23/national-sponge-cake-day,
2013-08-24,National Waffle Day,,http://www.punchbowl.com/holidays/2013/8/24/national-waffle-day,
2013-08-25,Kiss and Make Up Day,,http://holidayinsights.com/moreholidays/August/kissandmakeup.htm,
2013-08-26,National Dog Day,,http://www.punchbowl.com/holidays/2013/8/26/national-dog-day,
2013-08-27,Global Forgiveness Day,,http://holidayinsights.com/moreholidays/August/forgivenessday.htm,
2013-08-28,National Cherry Turnover Day,,http://www.punchbowl.com/holidays/2013/8/28/national-cherry-turnover-day,
2013-08-29,Chop Suey Day,,http://www.punchbowl.com/holidays/2013/8/29/chop-suey-day,
2013-08-30,National Toasted Marshmallow Day,,http://www.punchbowl.com/holidays/2013/8/30/national-toasted-marshmallow-day,
2013-08-31,National Trail Mix Day,,http://www.punchbowl.com/holidays/2013/8/31/eat-outside-day,
2013-09-01,Emma M. Nutt Day,,http://en.wikipedia.org/wiki/Emma_Nutt,
2013-09-02,National Blueberry Popsicle Day,,http://www.punchbowl.com/holidays/2013/9/2/national-blueberry-popsicle-day,
2013-09-03,Skyscraper Day,,http://holidayinsights.com/moreholidays/September/skyscraperday.htm,
2013-09-04,National Wildlife Day,,http://www.nationalwildlifeday.com/,
2013-09-05,National Cheese Pizza Day,,http://www.punchbowl.com/holidays/2013/9/5/national-cheese-pizza-day,
2013-09-06,Read a Book Day,,http://holidayinsights.com/moreholidays/September/readabook.htm,
2013-09-07,Salami Day,,http://www.punchbowl.com/holidays/2013/9/7/salami-day,
2013-09-08,International Literacy Day,,http://www.unesco.org/new/unesco/events/prizes-and-celebrations/celebrations/international-days/literacy-day/,
2013-09-09,Teddy Bear Day,,http://holidayinsights.com/moreholidays/September/teddybearday.htm,
2013-09-10,Swap Ideas Day,,http://holidayinsights.com/moreholidays/September/swapideasday.htm,
2013-09-11,National Hot Cross Bun Day,,http://www.punchbowl.com/holidays/2013/9/11/national-hot-cross-bun-day,
2013-09-12,National Chocolate Milkshake Day,,http://www.punchbowl.com/holidays/2013/9/12/national-chocolate-milkshake-day,
2013-09-13,Fortune Cookie Day,,http://holidayinsights.com/other/fortunecookie.htm,
2013-09-14,Eat A Hoagie Day,,http://www.punchbowl.com/holidays/2013/9/14/eat-a-hoagie-day,
2013-09-15,Make a Hat Day,,http://holidayinsights.com/moreholidays/September/makeahatday.htm,
2013-09-16,National Guacamole Day,,http://www.punchbowl.com/holidays/2013/9/16/national-guacamole-day,
2013-09-17,Citizenship Day,,http://holidayinsights.com/moreholidays/September/appledumplingday.htm,
2013-09-18,National Cheeseburger Day,,http://www.punchbowl.com/holidays/2013/9/18/national-cheeseburger-day,
2013-09-19,International Talk Like A Pirate Day,,http://www.talklikeapirate.com/howto.html,
2013-09-20,National Punch Day,,http://www.punchbowl.com/holidays/2013/9/20/national-punch-day,
2013-09-21,Miniature Golf Day,,http://holidayinsights.com/moreholidays/September/miniaturegolfday.htm,
2013-09-22,Elephant Appreciation Day,,http://holidayinsights.com/moreholidays/September/elephantappreciationday.htm,
2013-09-23,Checkers Day,,http://www.punchbowl.com/holidays/2013/9/23/checkers-day,
2013-09-24,National Cherries Jubilee Day,,http://www.punchbowl.com/holidays/2013/9/24/national-cherries-jubilee-day,
2013-09-25,National Comic Book Day,,http://holidayinsights.com/moreholidays/September/comicbookday.htm,
2013-09-26,Love Note Day,,http://www.punchbowl.com/holidays/2013/9/26/love-note-day,
2013-09-27,World Tourism Day,tourist.svg,http://en.wikipedia.org/wiki/World_Tourism_Day,Tourist designed by Javier Cabezas from The Noun Project
2013-09-28,Drink Beer Day,,http://www.punchbowl.com/holidays/2013/9/28/drink-beer-day,
2013-09-29,National Coffee Day,,http://www.punchbowl.com/holidays/2013/9/29/national-coffee-day,
2013-09-30,National Mud Pack Day,,http://holidayinsights.com/moreholidays/September/mudpackday.htm,
2013-10-01,World Vegetarian Day,,http://www.punchbowl.com/holidays/2013/10/1/world-vegetarian-day,
2013-10-02,Balloons Around The World Day,,http://www.punchbowl.com/holidays/2013/10/2/balloons-around-the-world-day,
2013-10-03,Techies Day,,http://holidayinsights.com/moreholidays/October/techiesday.htm,
2013-10-04,National Taco Day,,http://www.punchbowl.com/holidays/2013/10/4/national-taco-day,
2013-10-05,World Teacher's Day,,http://holidayinsights.com/moreholidays/October/worldteacherday.htm,
2013-10-06,Mad Hatter Day,,http://www.punchbowl.com/holidays/2013/10/6/mad-hatter-day,
2013-10-07,World Smile Day,,http://holidayinsights.com/moreholidays/October/worldsmileday.htm,
2013-10-08,American Touch Tag Day,,http://holidayinsights.com/moreholidays/October/americantagday.htm,
2013-10-09,Curious Events Day,,http://holidayinsights.com/moreholidays/October/curiouseventsday.htm,
2013-10-10,National Cake Decorating Day,,http://www.punchbowl.com/holidays/2013/10/10/national-cake-decorating-day,
2013-10-11,National Coming Out Day,,http://www.punchbowl.com/holidays/2013/10/11/national-coming-out-day,
2013-10-12,National Gumbo Day,,http://www.punchbowl.com/holidays/2013/10/12/national-gumbo-day,
2013-10-13,International Skeptics Day,,http://holidayinsights.com/moreholidays/October/internationalskepticsday.htm,
2013-10-14,National Dessert Day,,http://holidayinsights.com/moreholidays/October/nationaldessertday.htm,
2013-10-15,National Chicken Cacciatore Day,,http://www.punchbowl.com/holidays/2013/10/15/national-chicken-cacciatore-day,
2013-10-16,Dictionary Day,,http://holidayinsights.com/moreholidays/October/dictionaryday.htm,
2013-10-17,Wear Something Gaudy Day,,http://holidayinsights.com/moreholidays/October/gaudyday.htm,
2013-10-18,No Beard Day,,http://holidayinsights.com/moreholidays/October/nobeardday.htm,
2013-10-19,Sweetest Day,,http://www.punchbowl.com/holidays/2013/10/19/sweetest-day,
2013-10-20,National Brandied Fruit Day,,http://holidayinsights.com/moreholidays/October/brandiedfruitday.htm,
2013-10-21,National Pumpkin Cheesecake Day,,http://www.punchbowl.com/holidays/2013/10/21/national-pumpkin-cheesecake-day,
2013-10-22,National Nut Day,,http://holidayinsights.com/moreholidays/October/nationalnutday.htm,
2013-10-23,National Boston Cream Pie Day,,http://www.punchbowl.com/holidays/2013/10/23/national-boston-cream-pie-day,
2013-10-24,National Bologna Day,,http://www.punchbowl.com/holidays/2013/10/24/national-bologna-day,
2013-10-25,World Pasta Day,,http://www.pasta-unafpa.org/pasta-day.htm,
2013-10-26,Make A Difference Day,,http://www.punchbowl.com/holidays/2013/10/26/make-a-difference-day,
2013-10-27,American Beer Day,,http://www.punchbowl.com/holidays/2013/10/27/american-beer-day,
2013-10-28,Plush Animal Lover's Day,,http://holidayinsights.com/moreholidays/October/animalloversday.htm,
2013-10-29,National Cat Day,,http://www.punchbowl.com/holidays/2013/10/29/national-cat-day,
2013-10-30,National Candy Corn Day,,http://holidayinsights.com/moreholidays/October/candycornday.htm,
2013-10-31,Carve A Pumpkin Day,,http://holidayinsights.com/moreholidays/October/carveapumpkinday.htm,
2013-11-01,Day of The Dead,,https://en.wikipedia.org/wiki/Day_of_the_Dead,
2013-11-02,National Deviled Eggs Day,,http://www.punchbowl.com/holidays/2013/11/2/national-deviled-egg-day,
2013-11-03,National Sandwich Day,,http://holidayinsights.com/moreholidays/November/sandwichday.htm,
2013-11-04,National Candy Day,,http://www.punchbowl.com/holidays/2013/11/4/national-candy-day,
2013-11-05,Guy Fawkes Day,,http://holidayinsights.com/moreholidays/November/guyfawkesday.htm,
2013-11-06,Saxophone Day,sax.svg,http://holidayinsights.com/moreholidays/November/saxophoneday.htm,
2013-11-07,International Tongue Twister Day,,http://www.punchbowl.com/holidays/2013/11/7/international-tongue-twister-day,
2013-11-08,National Cappuccino Day,,http://www.punchbowl.com/holidays/2013/11/8/national-cappuccino-day,
2013-11-09,Sadie Hawkins Dat,,http://www.punchbowl.com/holidays/2013/11/9/sadie-hawkins-day,
2013-11-10,Forget-Me-Not Day,,http://holidayinsights.com/moreholidays/November/forgetmenotday.htm,
2013-11-11,National Sundae Day,,http://www.punchbowl.com/holidays/2013/11/11/national-sundae-day,
2013-11-12,National Pizza With Everything On It (Except Anchovies) Day,,http://www.punchbowl.com/holidays/2013/11/12/national-pizza-with-everything-except-anchovies-day,
2013-11-13,World Kindness Day,,http://holidayinsights.com/moreholidays/November/worldkindnessday.htm,
2013-11-14,National Pickle Day,,http://www.punchbowl.com/holidays/2013/11/14/national-pickle-day,
2013-11-15,America Recycles Day,,http://holidayinsights.com/moreholidays/November/americarecyclesday.htm,
2013-11-16,Button Day,,http://holidayinsights.com/moreholidays/November/buttonday.htm,
2013-11-17,Homemade Bread Day,,http://www.punchbowl.com/holidays/2013/11/17/homemade-bread-day,
2013-11-18,Occult Day,,http://holidayinsights.com/moreholidays/November/occultday.htm,
2013-11-19,International Men's Day,,http://www.internationalmensday.com/,
2013-11-20,Beautiful Day,,http://holidayinsights.com/moreholidays/November/beautifulday.htm,
2013-11-21,World Television Day,,http://www.punchbowl.com/holidays/2013/11/21/world-television-day,
2013-11-22,Go For a Ride Day,,http://holidayinsights.com/moreholidays/November/goforarideday.htm,
2013-11-23,Eat a Cranberry Day,,http://holidayinsights.com/moreholidays/November/eatacranberryday.htm,
2013-11-24,Celebrate Your Unique Talent,,http://www.punchbowl.com/holidays/2013/11/24/celebrate-your-unique-talent-day,
2013-11-25,National Parfait Day,,http://holidayinsights.com/moreholidays/November/parfaitday.htm,
2013-11-26,National Cake Day,,http://www.punchbowl.com/holidays/2013/11/26/national-cake-day,
2013-11-27,National Bavarian Cream Pie Day,,http://www.punchbowl.com/holidays/2013/11/27/national-bavarian-cream-pie-day,
2013-11-28,National French Toast Day,,http://www.punchbowl.com/holidays/2013/11/28/national-french-toast-day,
2013-11-29,Square Dance Day,,http://holidayinsights.com/other/squaredanceday.htm,
2013-11-30,National Mousse Day,,http://www.punchbowl.com/holidays/2013/11/30/national-mousse-day,
2013-12-01,Eat A Red Apple Day,,http://holidayinsights.com/moreholidays/December/eataredappleday.htm,
2013-12-02,Mutt's Day,,http://www.punchbowl.com/holidays/2013/12/2/mutts-day,
2013-12-03,National Roof Over Your Head Day,,http://www.punchbowl.com/holidays/2013/12/3/national-roof-over-your-head-day,
2013-12-04,National Cookie Day,,http://www.punchbowl.com/holidays/2013/12/4/national-cookie-day,
2013-12-05,International Volunteer Day,,http://www.un.org/en/events/volunteerday/,
2013-12-06,Mitten Tree Day,,http://holidayinsights.com/moreholidays/December/mittentreeday.htm,
2013-12-07,Letter Writing Day,,http://holidayinsights.com/moreholidays/December/letterwritingday.htm,
2013-12-08,National Brownie Day,,http://www.punchbowl.com/holidays/2013/12/8/national-brownie-day,
2013-12-09,National Pastry Day,,http://www.punchbowl.com/holidays/2013/12/9/national-pastry-day,
2013-12-10,National Lager Day,,http://www.punchbowl.com/holidays/2013/12/10/national-lager-day,
2013-12-11,International Mountain Day,,http://www.fao.org/forestry/internationalmountainday/en/,
2013-12-12,National Poinsettia Day,,http://holidayinsights.com/other/poinsettia.htm,
2013-12-13,National Cocoa Day,,http://www.punchbowl.com/holidays/2013/12/13/national-cocoa-day,
2013-12-14,Monkey Day,,http://www.monkeyday.com/,
2013-12-15,National Cupcake Day,,http://www.punchbowl.com/holidays/2013/12/15/national-cupcake-day,
2013-12-16,National Chocolate Covered Anything Day,,http://holidayinsights.com/moreholidays/December/chocolatecovered.htm,
2013-12-17,National Maple Syrup Day,,http://www.punchbowl.com/holidays/2013/12/17/national-maple-syrup-day,
2013-12-18,Bake Cookies Day,,http://holidayinsights.com/other/bakecookiesday.htm,
2013-12-19,Look For An Evergreen Day,,http://holidayinsights.com/moreholidays/December/evergreenday.htm,
2013-12-20,Go Caroling Day,,http://holidayinsights.com/moreholidays/December/gocarolingday.htm,
2013-12-21,National Flashlight Day,,http://holidayinsights.com/moreholidays/December/flashlightday.htm,
2013-12-22,National Date Nut Bread Day,,http://www.punchbowl.com/holidays/2013/12/22/national-date-nut-bread-day,
2013-12-23,Festivus,,http://holidayinsights.com/moreholidays/December/festivus.htm,
2013-12-24,National Egg Nog Day,,http://www.punchbowl.com/holidays/2013/12/24/national-egg-nog-day,
2013-12-25,National Pumpkin Pie Day,,http://holidayinsights.com/moreholidays/December/pumpkinpieday.htm,
2013-12-26,National Candy Cane Day,,,
2013-12-27,National Fruitcake Day,,http://www.punchbowl.com/holidays/2013/12/27/national-fruit-cake-day,
2013-12-28,Card Playing Day,,http://holidayinsights.com/moreholidays/December/cardplayingday.htm,
2013-12-29,Pepper Pot Day,,http://www.punchbowl.com/holidays/2013/12/29/national-pepper-pot-day,
2013-12-30,National Bicarbonate of Soda Day,,http://holidayinsights.com/moreholidays/December/bicarbonateofsodaday.htm,
2013-12-31,National Champagne Day,,,